{"cameraMode":{"drawMode":0,"name":"Shaded","section":"Shading Mode"},"sceneLighting":false,"audioPlay":false,"sceneViewState":{"showFog":true,"showMaterialUpdate":false,"showSkybox":false,"showFlares":true,"showImageEffects":true,"showParticleSystems":true},"in2DMode":false,"pivot":{"x":-2.9802322387695315e-8,"y":2.819999933242798,"z":6.849999904632568},"rotation":{"x":0.11473837494850159,"y":0.21865315735340119,"z":-0.025897560641169549,"w":0.9686873555183411},"size":1.679085612297058,"orthographic":true}